{
  "economy": {
    "coins": 24965,
    "last_daily": 1780903956.6270263,
    "last_weekly": 1780903822.8489778,
    "last_monthly": 1780904070.0666864
  }
}
